Dominio,URL
Educacion,https://www.tec.mx/
Educacion,https://www.ipn.mx/
Educacion,https://www.ucam.edu/
Educacion,https://www.ucv.es/
Educacion,https://www.uspceu.com/
Educacion,https://www.ucm.es/
Educacion,https://www.uah.es/
Educacion,https://www.ua.es/
Educacion,https://www.ual.es/
Educacion,https://www.udg.mx/
Educacion,https://www.uanl.mx/
Educacion,https://www.uv.mx/
Educacion,https://www.uam.mx/
Educacion,https://www.udlap.mx/
Educacion,https://ibero.mx/
Educacion,https://www.itam.mx/
Educacion,https://www.comillas.edu/
Educacion,https://www.uc3m.es/inicio
Educacion,https://www.upm.es/
Educacion,https://www.upc.edu/es?set_language=es
Educacion,https://www.uloyola.es/ 
Educacion,https://www.upsa.es/ 
Educacion,http://www.uemc.es/ 
Educacion,http://www.ui1.es/ 
Educacion,http://www.uoc.edu/ 
Educacion,http://www.unir.net/ 
Educacion,http://www.udima.es/ 
Educacion,http://www.unia.es/
Educacion,http://www.ujaen.es/
Educacion,http://www.uma.es/
Traduccion,https://www.straker.es
Traduccion,https://www.intertext.es
Traduccion,https://www.traductorjuradoeikatrad.es/
Traduccion,https://www.traductor-jurado.org
Traduccion,https://www.linguafranca.es
Traduccion,https://www.translayte.com/
Traduccion,https://www.traduccionjurada.tv
Traduccion,https://www.everyword.eu
Traduccion,https://www.juridiomas.es
Traduccion,https://www.traductor-jurado.org
Traduccion,https://www.wetranslateontime.com/es/
Traduccion,https://www.alphatrad.es/
Traduccion,https://www.jurada.es/
Traduccion,https://www.alfa.es/traduccion-jurada/
Traduccion,https://www.protranslate.net/es/traduccion-jurada/ 
Traduccion,https://translated.com/bienvenido
Traduccion,https://aleftraducciones.com/traductor-jurado-italiano/
Traduccion,https://www.tradulop.com/
Traduccion,https://www.googleadservices.com/pagead/aclk?sa=L&ai=DChcSEwj-loiP18HzAhWHhdUKHSUPBhcYABADGgJ3cw&ae=2&ohost=www.google.com&cid=CAESP-D2KYshXoNXLE_qPWf9s-kHcI-M2eaAbDcoRqhq5tEhGzdtz1FgkKsmX8nL9VPfauUT4DC0bRawieJeEoMVlw&sig=AOD64_0-Sdpy79E3TqcYTq3QXsOrThTx2w&q&adurl&ved=2ahUKEwjSpf6O18HzAhWSxIUKHbQaBDU4PBDRDHoECAQQAQ
Traduccion,https://www.tradulop.com/
Traduccion,https://traductorjuradomadrid.com/
Traduccion,https://triotraducciones.com/traducciones-juradas/frances/
Traduccion,https://www.wtatraducciones.com/traduccion-jurada
Traduccion,https://translinguoglobal.com/traductor-jurado-en-cartagena/
Traduccion,https://manlop.net/
Traduccion,https://www.nexustraducciones.com/traductor-jurado-ingles/amp/
Traduccion,https://tradumia.com/
Traduccion,http://www.traductoresjuradosbarcelona.com/
Traduccion,https://maec-traduccion.com/
Traduccion,https://www.linguavox.es/es/
Traduccion,https://atranslations.com/
Bancos,https://portal.cajasur.es/cs/Satellite/cajasur/es/particulares-0
Bancos,https://www.evobanco.com/
Bancos,https://www.bancosantander.es
Bancos,https://www.caixabank.es
Bancos,https://www.bankia.es
Bancos,https://www.bankinter.com
Bancos,https://www.bbva.es
Bancos,https://www.banorte.com
Bancos,https://www.banamex.com/
Bancos,https://www.grupobancolombia.com/personas
Bancos,https://www.bancodebogota.com/wps/portal/banco-de-bogota/bogota
Bancos,https://www.ing.es/#
Bancos,https://www.wizink.es/public/home
Bancos,https://www.bancamarch.es/es/
Bancos,https://www.laboralkutxa.com/es/particulares
Bancos,https://www.selfbank.es/
Bancos,https://www.bancomediolanum.es/es-ES/
Bancos,https://www.scotiabank.com.mx/
Bancos,http://www.banamex.com/
Bancos,http://www.bb.com.mx/
Bancos,http://www.bancomer.com.mx/
Bancos,http://www.banorte.com/
Bancos,http://www.inbursa.com.mx/
Bancos,http://www.bancoazteca.com.mx/
Bancos,http://www.mifel.com.mx/
Bancos,http://www.afirme.com.mx/
Bancos,http://www.bansi.com.mx/
Bancos,http://www.bankofamerica.com.mx/
Bancos,http://www.bankofamerica.com.mx/
Bancos,http://www.banjercito.com.mx/
Bancos,http://www.interacciones.com/
Salud,https://www.clinicbarcelona.org
Salud,https://www.quironsalud.es/idcsalud-client/cm/quironsalud/tkMain?locale=es_ES
Salud,https://www.vallhebron.com/es
Salud,http://www.hospitalgermanstrias.cat/es
Salud,https://www.scias.com/ca
Salud,https://www.parcdesalutmar.cat/es/hospitals/hospital-del-mar/
Salud,https://www.sjdhospitalbarcelona.org/es
Salud,https://www.comunidad.madrid/hospital/laprincesa/
Salud,https://www.comunidad.madrid/hospital/gregoriomaranon/
Salud,https://www.hmsanchinarro.com
Salud,https://www.oncosalud.pe/
Salud,https://www.auna.pe/
Salud,https://www.clinicadelgado.pe/
Salud,https://www.clinicajavierprado.com.pe/
Salud,https://www.clinicainternacional.com.pe/
Salud,https://www.clinicasanfelipe.com/
Salud,https://www.goodhope.org.pe/
Salud,https://www.clinica-santa-elena.org/es
Salud,https://www.hospitalvirgendelmar.es/
Salud,https://www.hospitallazarzuela.es/es/
Salud,https://www.hospitalsanrafael.es/
Salud,https://www.policlinicagipuzkoa.com/
Salud,https://www.hospitalvirgendelmar.es/
Salud,https://www.hospitalcima.es/es/
Salud,https://www.lamilagrosa.com/
Salud,http://hospitalreinasofia.org/
Salud,https://www.hmpuertadelsur.com/
Salud,https://www.hmmodelo.com/
Salud,https://hospitalveugenia.com/
Salud,https://hospitallosmadronos.es/
Salud,http://www.imedvalencia.com/es/
Salud,http://www.hgucr.es/
Salud,https://www.clinicabenidorm.com/
Cocina,https://www.hogarmania.com/
Cocina,https://www.cocinatis.com/
Cocina,https://www.juegodesabores.es/
Cocina,https://www.recetasderechupete.com/
Cocina,https://www.afuegolento.com/
Cocina,https://www.miscosillasdecocina.com/
Cocina,http://www.contigoenlaplaya.com/
Cocina,https://lacocinadefrabisa.lavozdegalicia.es/
Cocina,https://cocinandoparamiscachorritos.com/
Cocina,http://www.cocinarpara2.com/
Cocina,http://www.hiulitscuisine.com/es/
Cocina,https://cocina-tradicional.es/
Cocina,https://www.directoalpaladar.com/
Cocina,https://www.recetasderechupete.com/
Cocina,https://www.javirecetas.com/
Cocina,https://gastronomiaycia.republica.com/
Cocina,https://www.recetasgratis.net/
Cocina,https://canalcocina.es/
Cocina,https://cocina-familiar.com/
Cocina,https://www.rociococinaencasa.com/
Cocina,https://www.petitchef.es/
Cocina,https://www.googleadservices.com/pagead/aclk?sa=L&ai=DChcSEwjqioTY3sHzAhWCjFEKHQsvCY4YABAAGgJ3cw&ae=2&ohost=www.google.com&cid=CAESP-D2p0HuPJPyMLrDzsCDrOkc5HQFdMG0KyKEQfg8TTRTcudiv26iCqkpqwlEbcYSlE2MZ_42etY4GPSW2R7vQA&sig=AOD64_1dQQNSUugn1c7ymGu2rhfscrvEWQ&q&adurl&ved=2ahUKEwif_vjX3sHzAhXOxYUKHbOeBYo4MhDRDHoECAIQAQ
Cocina,http://www.recetario-cocina.com/
Cocina,https://www.bonviveur.es/recetas/tag/cocina-internacional/
Cocina,https://recetascomidas.com/
Cocina,https://www.cocinaconpoco.com/
Cocina,https://www.cocinafacil.com.mx/recetario/
Cocina,https://www.javirecetas.com/
Cocina,https://www.comedera.com/
Cocina,https://www.recetasamc.info/recetasamc
Cocina,https://www.bekiacocina.com/recetas/
