Dominio,URL,Contenido
Educacion,https://www.uspceu.com/,
Educacion,https://ibero.mx/,
Traduccion,https://translated.com/bienvenido,
Traduccion,https://aleftraducciones.com/traductor-jurado-italiano/,
Traduccion,https://traductorjuradomadrid.com/,
Traduccion,https://triotraducciones.com/traducciones-juradas/frances/,
Traduccion,https://translinguoglobal.com/traductor-jurado-en-cartagena/,
Traduccion,https://manlop.net/,
Traduccion,https://tradumia.com/,
Traduccion,https://maec-traduccion.com/,
Traduccion,https://atranslations.com/,
Bancos,http://www.mifel.com.mx/,
Bancos,http://www.banjercito.com.mx/,
Bancos,http://www.interacciones.com/,
Salud,http://hospitalreinasofia.org/,
Salud,https://hospitalveugenia.com/,
Salud,https://hospitallosmadronos.es/,
Cocina,https://cocinandoparamiscachorritos.com/,
Cocina,https://cocina-tradicional.es/,
Cocina,https://canalcocina.es/,
Cocina,https://cocina-familiar.com/,
Cocina,https://recetascomidas.com/,
